,Week,Day,Date,ResultOrig,Result,Opp,Tm,Opp.1,1stD,TotYd,PassY,RushY,TO,1stD.1,TotYd.1,PassY.1,RushY.1,TO.1,Offense,Defense,Sp. Tms,Home_team
16,17,Sun,29-Dec,W,1,Seattle Seahawks,26,21,18,398,270,128,,27,348,223,125,,17.28,-10.85,-3.02,San Francisco 49ers
37,17,Sun,29-Dec,W,1,Minnesota Vikings,21,19,24,337,179,158,1,14,300,126,174,3,1.26,-2.15,-1.08,Chicago Bears
54,17,Sun,29-Dec,W,1,Cleveland Browns,33,23,22,361,182,179,1,15,313,239,74,3,12.26,-1.53,-3.69,Cincinnati Bengals
71,17,Sun,29-Dec,W,1,Oakland Raiders,16,15,16,238,168,70,1,18,477,380,97,1,-8.2,0.3,10.2,Denver Broncos
88,17,Sun,29-Dec,L,0,Cincinnati Bengals,23,33,15,313,239,74,3,22,361,182,179,1,1.53,-12.26,3.69,Cleveland Browns
105,17,Sun,29-Dec,L,0,Atlanta Falcons,22,28,14,329,193,136,3,28,373,286,87,1,-5.96,8.27,-9.46,Tampa Bay Buccaneers
122,17,Sun,29-Dec,L,0,New York Jets,6,13,17,309,236,73,3,18,271,185,86,1,-13.72,3.92,1.1,Buffalo Bills
141,17,Sun,29-Dec,L,0,Los Angeles Rams,24,31,22,393,322,71,5,25,424,311,113,,3.53,-16.31,5.85,Arizona Cardinals
158,17,Sun,29-Dec,L,0,Kansas City Chiefs,21,31,25,366,258,108,2,16,336,174,162,1,9.18,-13.59,-7.29,Los Angeles Chargers
175,17,Sun,29-Dec,W,1,Los Angeles Chargers,31,21,16,336,174,162,1,25,366,258,108,2,13.59,-9.18,7.29,Kansas City Chiefs
196,17,Sun,29-Dec,L,0,Jacksonville Jaguars,20,38,17,275,143,132,2,23,353,286,67,1,-5.69,-13.7,-0.18,Indianapolis Colts
213,17,Sun,29-Dec,W,1,Washington Redskins,47,16,22,517,294,223,1,13,271,183,88,2,17.75,18.31,-5.03,Dallas Cowboys
230,17,Sun,29-Dec,W,1,New England Patriots,27,24,26,389,326,63,,18,352,217,135,2,13.34,-6.29,-4.09,Miami Dolphins
247,17,Sun,29-Dec,W,1,New York Giants,34,17,25,400,279,121,,19,397,275,122,2,6.3,6.61,-0.16,Philadelphia Eagles
266,17,Sun,29-Dec,W,1,Tampa Bay Buccaneers,28,22,28,373,286,87,1,14,329,193,136,3,-8.27,5.96,9.46,Atlanta Falcons
283,17,Sun,29-Dec,L,0,Philadelphia Eagles,17,34,19,397,275,122,2,25,400,279,121,,-6.61,-6.3,0.16,New York Giants
300,17,Sun,29-Dec,W,1,Indianapolis Colts,38,20,23,353,286,67,1,17,275,143,132,2,13.7,5.69,0.18,Jacksonville Jaguars
317,17,Sun,29-Dec,W,1,Buffalo Bills,13,6,18,271,185,86,1,17,309,236,73,3,-3.92,13.72,-1.1,New York Jets
334,17,Sun,29-Dec,L,0,Green Bay Packers,20,23,17,305,134,171,1,25,432,312,120,1,1.53,-8.54,4.01,Detroit Lions
351,17,Sun,29-Dec,W,1,Detroit Lions,23,20,25,432,312,120,1,17,305,134,171,1,8.54,-1.53,-4.01,Green Bay Packers
371,17,Sun,29-Dec,L,0,New Orleans Saints,10,42,16,329,288,41,3,25,379,264,115,,-14.97,-17.52,2.88,Carolina Panthers
388,17,Sun,29-Dec,L,0,Miami Dolphins,24,27,18,352,217,135,2,26,389,326,63,,6.29,-13.34,4.09,New England Patriots
407,17,Sun,29-Dec,L,0,Denver Broncos,15,16,18,477,380,97,1,16,238,168,70,1,-0.3,8.2,-10.2,Oakland Raiders
424,17,Sun,29-Dec,W,1,Arizona Cardinals,31,24,25,424,311,113,,22,393,322,71,5,16.31,-3.53,-5.85,Los Angeles Rams
441,17,Sun,29-Dec,W,1,Pittsburgh Steelers,28,10,19,304,81,223,2,10,168,77,91,2,-4.16,11.07,8.63,Baltimore Ravens
460,17,Sun,29-Dec,W,1,Carolina Panthers,42,10,25,379,264,115,,16,329,288,41,3,17.52,14.97,-2.88,New Orleans Saints
479,17,Sun,29-Dec,L,0,San Francisco 49ers,21,26,27,348,223,125,,18,398,270,128,,10.85,-17.28,3.02,Seattle Seahawks
499,17,Sun,29-Dec,L,0,Baltimore Ravens,10,28,10,168,77,91,2,19,304,81,223,2,-11.07,4.16,-8.63,Pittsburgh Steelers
516,17,Sun,29-Dec,L,0,Tennessee Titans,14,35,20,301,192,109,1,25,467,222,245,,1.54,-27.49,6.36,Houston Texans
536,17,Sun,29-Dec,W,1,Houston Texans,35,14,25,467,222,245,,20,301,192,109,1,27.49,-1.54,-6.36,Tennessee Titans
557,17,Sun,29-Dec,L,0,Chicago Bears,19,21,14,300,126,174,3,24,337,179,158,1,2.15,-1.26,1.08,Minnesota Vikings
350,16,Mon,23-Dec,W,1,Minnesota Vikings,23,10,22,383,199,184,3,7,139,82,57,1,-5.18,25.86,-6.94,Green Bay Packers
556,16,Mon,23-Dec,L,0,Green Bay Packers,10,23,7,139,82,57,1,22,383,199,184,3,-25.86,5.18,6.94,Minnesota Vikings
36,16,Sun,22-Dec,L,0,Kansas City Chiefs,3,26,18,234,133,101,,25,350,244,106,,-6.38,-14.74,-1.09,Chicago Bears
53,16,Sun,22-Dec,L,0,Miami Dolphins,35,38,25,430,371,59,1,29,502,406,96,1,7.22,-21.63,8.48,Cincinnati Bengals
70,16,Sun,22-Dec,W,1,Detroit Lions,27,17,25,348,198,150,,13,191,95,96,,12.95,4.32,-4.08,Denver Broncos
87,16,Sun,22-Dec,L,0,Baltimore Ravens,15,31,17,241,184,57,1,31,481,238,243,1,-0.38,-21.45,4.46,Cleveland Browns
140,16,Sun,22-Dec,W,1,Seattle Seahawks,27,13,21,412,159,253,,13,224,133,91,1,10.12,13.87,-6.82,Arizona Cardinals
157,16,Sun,22-Dec,L,0,Oakland Raiders,17,24,21,284,265,19,,19,366,267,99,,6.73,-12.67,-2.6,Los Angeles Chargers
174,16,Sun,22-Dec,W,1,Chicago Bears,26,3,25,350,244,106,,18,234,133,101,,14.74,6.38,1.09,Kansas City Chiefs
195,16,Sun,22-Dec,W,1,Carolina Panthers,38,6,25,324,106,218,,19,286,199,87,3,12.71,11.07,6.22,Indianapolis Colts
212,16,Sun,22-Dec,L,0,Philadelphia Eagles,9,17,16,311,257,54,1,23,431,313,118,,-6.26,-8.73,3.16,Dallas Cowboys
229,16,Sun,22-Dec,W,1,Cincinnati Bengals,38,35,29,502,406,96,1,25,430,371,59,1,21.63,-7.22,-8.48,Miami Dolphins
246,16,Sun,22-Dec,W,1,Dallas Cowboys,17,9,23,431,313,118,,16,311,257,54,1,8.73,6.26,-3.16,Philadelphia Eagles
265,16,Sun,22-Dec,W,1,Jacksonville Jaguars,24,12,28,518,383,135,2,17,288,173,115,1,18.86,4.26,-7.84,Atlanta Falcons
282,16,Sun,22-Dec,W,1,Washington Redskins,41,35,28,552,346,206,,25,361,281,80,,32.47,-18.07,-7.97,New York Giants
299,16,Sun,22-Dec,L,0,Atlanta Falcons,12,24,17,288,173,115,1,28,518,383,135,2,-4.26,-18.86,7.84,Jacksonville Jaguars
316,16,Sun,22-Dec,W,1,Pittsburgh Steelers,16,10,14,259,174,85,1,16,260,185,75,2,-8.44,11.79,5.1,New York Jets
333,16,Sun,22-Dec,L,0,Denver Broncos,17,27,13,191,95,96,,25,348,198,150,,-4.32,-12.95,4.08,Detroit Lions
370,16,Sun,22-Dec,L,0,Indianapolis Colts,6,38,19,286,199,87,3,25,324,106,218,,-11.07,-12.71,-6.22,Carolina Panthers
406,16,Sun,22-Dec,W,1,Los Angeles Chargers,24,17,19,366,267,99,,21,284,265,19,,12.67,-6.73,2.6,Oakland Raiders
440,16,Sun,22-Dec,W,1,Cleveland Browns,31,15,31,481,238,243,1,17,241,184,57,1,21.45,0.38,-4.46,Baltimore Ravens
459,16,Sun,22-Dec,W,1,Tennessee Titans,38,28,23,377,275,102,,17,397,248,149,1,13.33,-4.25,2.33,New Orleans Saints
478,16,Sun,22-Dec,L,0,Arizona Cardinals,13,27,13,224,133,91,1,21,412,159,253,,-13.87,-10.12,6.82,Seattle Seahawks
498,16,Sun,22-Dec,L,0,New York Jets,10,16,16,260,185,75,2,14,259,174,85,1,-11.79,8.44,-5.1,Pittsburgh Steelers
535,16,Sun,22-Dec,L,0,New Orleans Saints,28,38,17,397,248,149,1,23,377,275,102,,4.25,-13.33,-2.33,Tennessee Titans
15,16,Sat,21-Dec,W,1,Los Angeles Rams,34,31,19,334,215,119,2,24,395,323,72,1,3.67,-3.16,1.84,San Francisco 49ers
104,16,Sat,21-Dec,L,0,Houston Texans,20,23,19,435,329,106,5,15,229,161,68,2,-8.4,13.02,-7.92,Tampa Bay Buccaneers
121,16,Sat,21-Dec,L,0,New England Patriots,17,24,14,268,176,92,,23,414,271,143,1,-0.45,-6.06,0.88,Buffalo Bills
387,16,Sat,21-Dec,W,1,Buffalo Bills,24,17,23,414,271,143,1,14,268,176,92,,6.06,0.45,-0.88,New England Patriots
423,16,Sat,21-Dec,L,0,San Francisco 49ers,31,34,24,395,323,72,1,19,334,215,119,2,3.16,-3.67,-1.84,Los Angeles Rams
515,16,Sat,21-Dec,W,1,Tampa Bay Buccaneers,23,20,15,229,161,68,2,19,435,329,106,5,-13.02,8.4,7.92,Houston Texans
194,15,Mon,16-Dec,L,0,New Orleans Saints,7,34,16,205,159,46,,27,424,307,117,,-2.27,-23.61,-0.53,Indianapolis Colts
458,15,Mon,16-Dec,W,1,Indianapolis Colts,34,7,27,424,307,117,,16,205,159,46,,23.61,2.27,0.53,New Orleans Saints
14,15,Sun,15-Dec,L,0,Atlanta Falcons,22,29,20,313,193,120,2,20,290,201,89,1,2.84,-7.04,-2.73,San Francisco 49ers
35,15,Sun,15-Dec,L,0,Green Bay Packers,13,21,20,415,319,96,3,12,292,192,100,,-4.89,2.97,-1.24,Chicago Bears
52,15,Sun,15-Dec,L,0,New England Patriots,13,34,19,315,151,164,5,19,291,116,175,,-12.48,-2.27,-6.29,Cincinnati Bengals
69,15,Sun,15-Dec,L,0,Kansas City Chiefs,3,23,15,251,199,52,1,27,419,327,92,1,-9.67,-15.31,4.87,Denver Broncos
86,15,Sun,15-Dec,L,0,Arizona Cardinals,24,38,25,393,241,152,2,26,445,219,226,1,10.72,-24.27,-1.61,Cleveland Browns
103,15,Sun,15-Dec,W,1,Detroit Lions,38,17,23,495,446,49,1,16,295,250,45,3,13.82,14.38,-7.29,Tampa Bay Buccaneers
120,15,Sun,15-Dec,W,1,Pittsburgh Steelers,17,10,17,261,131,130,2,15,229,178,51,5,-6.56,17.22,-3.78,Buffalo Bills
139,15,Sun,15-Dec,W,1,Cleveland Browns,38,24,26,445,219,226,1,25,393,241,152,2,24.27,-10.72,1.61,Arizona Cardinals
156,15,Sun,15-Dec,L,0,Minnesota Vikings,10,39,17,345,283,62,7,18,344,207,137,1,-20.63,-5.27,0.79,Los Angeles Chargers
173,15,Sun,15-Dec,W,1,Denver Broncos,23,3,27,419,327,92,1,15,251,199,52,1,15.31,9.67,-4.87,Kansas City Chiefs
211,15,Sun,15-Dec,W,1,Los Angeles Rams,44,21,25,475,212,263,,23,289,267,22,1,26.77,3.54,-5.18,Dallas Cowboys
228,15,Sun,15-Dec,L,0,New York Giants,20,36,22,384,262,122,1,24,412,274,138,3,0.43,-13.11,-4.97,Miami Dolphins
245,15,Sun,15-Dec,W,1,Washington Redskins,37,27,27,415,258,157,1,19,352,251,101,1,19.99,-5.52,-3.89,Philadelphia Eagles
264,15,Sun,15-Dec,W,1,San Francisco 49ers,29,22,20,290,201,89,1,20,313,193,120,2,7.04,-2.84,2.73,Atlanta Falcons
281,15,Sun,15-Dec,W,1,Miami Dolphins,36,20,24,412,274,138,3,22,384,262,122,1,13.11,-0.43,4.97,New York Giants
298,15,Sun,15-Dec,W,1,Oakland Raiders,20,16,17,262,185,77,,27,364,236,128,,6.63,-11.24,6.93,Jacksonville Jaguars
332,15,Sun,15-Dec,L,0,Tampa Bay Buccaneers,17,38,16,295,250,45,3,23,495,446,49,1,-14.38,-13.82,7.29,Detroit Lions
349,15,Sun,15-Dec,W,1,Chicago Bears,21,13,12,292,192,100,,20,415,319,96,3,-2.97,4.89,1.24,Green Bay Packers
369,15,Sun,15-Dec,L,0,Seattle Seahawks,24,30,28,414,269,145,3,21,428,274,154,1,6.32,-16.22,3.89,Carolina Panthers
386,15,Sun,15-Dec,W,1,Cincinnati Bengals,34,13,19,291,116,175,,19,315,151,164,5,2.27,12.48,6.29,New England Patriots
405,15,Sun,15-Dec,L,0,Jacksonville Jaguars,16,20,27,364,236,128,,17,262,185,77,,11.24,-6.63,-6.93,Oakland Raiders
422,15,Sun,15-Dec,L,0,Dallas Cowboys,21,44,23,289,267,22,1,25,475,212,263,,-3.54,-26.77,5.18,Los Angeles Rams
477,15,Sun,15-Dec,W,1,Carolina Panthers,30,24,21,428,274,154,1,28,414,269,145,3,16.22,-6.32,-3.89,Seattle Seahawks
497,15,Sun,15-Dec,L,0,Buffalo Bills,10,17,15,229,178,51,5,17,261,131,130,2,-17.22,6.56,3.78,Pittsburgh Steelers
514,15,Sun,15-Dec,W,1,Tennessee Titans,24,21,23,374,234,140,2,24,432,269,163,1,9.03,-9.37,6.55,Houston Texans
534,15,Sun,15-Dec,L,0,Houston Texans,21,24,24,432,269,163,1,23,374,234,140,2,9.37,-9.03,-6.55,Tennessee Titans
555,15,Sun,15-Dec,W,1,Los Angeles Chargers,39,10,18,344,207,137,1,17,345,283,62,7,5.27,20.63,-0.79,Minnesota Vikings
315,15,Thu,12-Dec,L,0,Baltimore Ravens,21,42,13,310,207,103,2,23,430,212,218,,-6.5,-25.99,9.13,New York Jets
439,15,Thu,12-Dec,W,1,New York Jets,42,21,23,430,212,218,,13,310,207,103,2,25.99,6.5,-9.13,Baltimore Ravens
244,14,Mon,9-Dec,W,1,New York Giants,23,17,27,418,300,118,1,11,255,182,73,,3,4.47,-0.47,Philadelphia Eagles
280,14,Mon,9-Dec,L,0,Philadelphia Eagles,17,23,11,255,182,73,,27,418,300,118,1,-4.47,-3,0.47,New York Giants
13,14,Sun,8-Dec,W,1,New Orleans Saints,48,46,25,516,354,162,1,28,465,349,116,1,27.42,-21.97,-3.51,San Francisco 49ers
51,14,Sun,8-Dec,L,0,Cleveland Browns,19,27,27,451,272,179,1,17,333,187,146,2,1.25,-6.12,-5.82,Cincinnati Bengals
68,14,Sun,8-Dec,W,1,Houston Texans,38,24,22,391,301,90,1,26,414,280,134,3,18.37,-1.1,-3.75,Denver Broncos
85,14,Sun,8-Dec,W,1,Cincinnati Bengals,27,19,17,333,187,146,2,27,451,272,179,1,6.12,-1.25,5.82,Cleveland Browns
102,14,Sun,8-Dec,W,1,Indianapolis Colts,38,35,29,542,467,75,4,16,309,243,66,1,9.53,-8.36,3.36,Tampa Bay Buccaneers
119,14,Sun,8-Dec,L,0,Baltimore Ravens,17,24,16,209,105,104,1,18,257,139,118,1,-10.78,0.75,2.47,Buffalo Bills
138,14,Sun,8-Dec,L,0,Pittsburgh Steelers,17,23,17,236,165,71,3,20,275,135,140,2,-5.35,-5.34,2.85,Arizona Cardinals
155,14,Sun,8-Dec,W,1,Jacksonville Jaguars,45,10,27,525,330,195,,15,252,164,88,,37.99,6.91,-8.63,Los Angeles Chargers
172,14,Sun,8-Dec,W,1,New England Patriots,23,16,20,346,271,75,2,17,278,184,94,1,-1.14,5.79,1.25,Kansas City Chiefs
193,14,Sun,8-Dec,L,0,Tampa Bay Buccaneers,35,38,16,309,243,66,1,29,542,467,75,4,8.36,-9.53,-3.36,Indianapolis Colts
227,14,Sun,8-Dec,L,0,New York Jets,21,22,22,362,240,122,1,22,374,262,112,1,5.46,-5.93,-0.46,Miami Dolphins
263,14,Sun,8-Dec,W,1,Carolina Panthers,40,20,22,461,302,159,,27,345,245,100,4,19.83,-2.41,5.06,Atlanta Falcons
297,14,Sun,8-Dec,L,0,Los Angeles Chargers,10,45,15,252,164,88,,27,525,330,195,,-6.91,-37.99,8.63,Jacksonville Jaguars
314,14,Sun,8-Dec,W,1,Miami Dolphins,22,21,22,374,262,112,1,22,362,240,122,1,5.93,-5.46,0.46,New York Jets
331,14,Sun,8-Dec,L,0,Minnesota Vikings,7,20,18,231,161,70,2,22,354,234,120,,-7.27,-3.77,0.3,Detroit Lions
348,14,Sun,8-Dec,W,1,Washington Redskins,20,15,18,341,167,174,1,18,262,141,121,1,5.07,1.04,0.91,Green Bay Packers
368,14,Sun,8-Dec,L,0,Atlanta Falcons,20,40,27,345,245,100,4,22,461,302,159,,2.41,-19.83,-5.06,Carolina Panthers
385,14,Sun,8-Dec,L,0,Kansas City Chiefs,16,23,17,278,184,94,1,20,346,271,75,2,-5.79,1.14,-1.25,New England Patriots
404,14,Sun,8-Dec,L,0,Tennessee Titans,21,42,22,355,258,97,1,26,552,391,161,1,2.19,-29.61,5.43,Oakland Raiders
421,14,Sun,8-Dec,W,1,Seattle Seahawks,28,12,26,455,293,162,2,16,308,202,106,1,13.97,7.74,-4.96,Los Angeles Rams
438,14,Sun,8-Dec,W,1,Buffalo Bills,24,17,18,257,139,118,1,16,209,105,104,1,-0.75,10.78,-2.47,Baltimore Ravens
457,14,Sun,8-Dec,L,0,San Francisco 49ers,46,48,28,465,349,116,1,25,516,354,162,1,21.97,-27.42,3.51,New Orleans Saints
476,14,Sun,8-Dec,L,0,Los Angeles Rams,12,28,16,308,202,106,1,26,455,293,162,2,-7.74,-13.97,4.96,Seattle Seahawks
496,14,Sun,8-Dec,W,1,Arizona Cardinals,23,17,20,275,135,140,2,17,236,165,71,3,5.34,5.35,-2.85,Pittsburgh Steelers
513,14,Sun,8-Dec,L,0,Denver Broncos,24,38,26,414,280,134,3,22,391,301,90,1,1.1,-18.37,3.75,Houston Texans
533,14,Sun,8-Dec,W,1,Oakland Raiders,42,21,26,552,391,161,1,22,355,258,97,1,29.61,-2.19,-5.43,Tennessee Titans
554,14,Sun,8-Dec,W,1,Detroit Lions,20,7,22,354,234,120,,18,231,161,70,2,3.77,7.27,-0.3,Minnesota Vikings
34,14,Thu,5-Dec,W,1,Dallas Cowboys,31,24,24,382,231,151,2,22,408,326,82,,10.48,-10.67,8.71,Chicago Bears
210,14,Thu,5-Dec,L,0,Chicago Bears,24,31,22,408,326,82,,24,382,231,151,2,10.67,-10.48,-8.71,Dallas Cowboys
475,13,Mon,2-Dec,W,1,Minnesota Vikings,37,30,24,444,226,218,2,17,354,276,78,3,5.79,-6.46,10.5,Seattle Seahawks
553,13,Mon,2-Dec,L,0,Seattle Seahawks,30,37,17,354,276,78,3,24,444,226,218,2,6.46,-5.79,-10.5,Minnesota Vikings
12,13,Sun,1-Dec,L,0,Baltimore Ravens,17,20,15,331,157,174,1,21,283,105,178,1,6.2,-6.4,-1.2,San Francisco 49ers
50,13,Sun,1-Dec,W,1,New York Jets,22,6,18,277,233,44,,15,271,209,62,,1.76,12.69,0.63,Cincinnati Bengals
67,13,Sun,1-Dec,W,1,Los Angeles Chargers,23,20,13,218,134,84,1,17,359,244,115,2,-2.73,-1.4,11.44,Denver Broncos
84,13,Sun,1-Dec,L,0,Pittsburgh Steelers,13,20,19,279,173,106,2,18,323,199,124,1,-2.6,-2.57,-1.39,Cleveland Browns
101,13,Sun,1-Dec,W,1,Jacksonville Jaguars,28,11,19,315,241,74,1,14,242,193,49,4,-4.31,26.93,-2.93,Tampa Bay Buccaneers
137,13,Sun,1-Dec,L,0,Los Angeles Rams,7,34,13,198,124,74,1,27,549,417,132,,-16.98,-18.95,10.38,Arizona Cardinals
154,13,Sun,1-Dec,L,0,Denver Broncos,20,23,17,359,244,115,2,13,218,134,84,1,1.4,2.73,-11.44,Los Angeles Chargers
171,13,Sun,1-Dec,W,1,Oakland Raiders,40,9,22,259,163,96,,19,332,210,122,3,14.17,3.44,11.19,Kansas City Chiefs
192,13,Sun,1-Dec,L,0,Tennessee Titans,17,31,22,391,309,82,3,15,292,138,154,2,-1.63,1.94,-12.84,Indianapolis Colts
226,13,Sun,1-Dec,W,1,Philadelphia Eagles,37,31,26,409,351,58,1,23,386,294,92,1,16.93,-11.33,-0.08,Miami Dolphins
243,13,Sun,1-Dec,L,0,Miami Dolphins,31,37,23,386,294,92,1,26,409,351,58,1,11.33,-16.93,0.08,Philadelphia Eagles
279,13,Sun,1-Dec,L,0,Green Bay Packers,13,31,20,335,240,95,3,19,322,243,79,,0.75,-15.72,-0.67,New York Giants
296,13,Sun,1-Dec,L,0,Tampa Bay Buccaneers,11,28,14,242,193,49,4,19,315,241,74,1,-26.93,4.31,2.93,Jacksonville Jaguars
313,13,Sun,1-Dec,L,0,Cincinnati Bengals,6,22,15,271,209,62,,18,277,233,44,,-12.69,-1.76,-0.63,New York Jets
347,13,Sun,1-Dec,W,1,New York Giants,31,13,19,322,243,79,,20,335,240,95,3,15.72,-0.75,0.67,Green Bay Packers
367,13,Sun,1-Dec,L,0,Washington Redskins,21,29,22,278,213,65,2,20,362,114,248,,-4.35,-2.59,-0.75,Carolina Panthers
384,13,Sun,1-Dec,L,0,Houston Texans,22,28,29,448,303,145,1,16,276,224,52,,9.51,-10.32,-6.77,New England Patriots
403,13,Sun,1-Dec,L,0,Kansas City Chiefs,9,40,19,332,210,122,3,22,259,163,96,,-3.44,-14.17,-11.19,Oakland Raiders
420,13,Sun,1-Dec,W,1,Arizona Cardinals,34,7,27,549,417,132,,13,198,124,74,1,18.95,16.98,-10.38,Los Angeles Rams
437,13,Sun,1-Dec,W,1,San Francisco 49ers,20,17,21,283,105,178,1,15,331,157,174,1,6.4,-6.2,1.2,Baltimore Ravens
495,13,Sun,1-Dec,W,1,Cleveland Browns,20,13,18,323,199,124,1,19,279,173,106,2,2.57,2.6,1.39,Pittsburgh Steelers
512,13,Sun,1-Dec,W,1,New England Patriots,28,22,16,276,224,52,,29,448,303,145,1,10.32,-9.51,6.77,Houston Texans
532,13,Sun,1-Dec,W,1,Indianapolis Colts,31,17,15,292,138,154,2,22,391,309,82,3,-1.94,1.63,12.84,Tennessee Titans
33,13,Thu,28-Nov,W,1,Detroit Lions,24,20,22,419,331,88,1,19,364,259,105,1,8.33,-6.28,0.13,Chicago Bears
118,13,Thu,28-Nov,W,1,Dallas Cowboys,26,15,22,356,232,124,,32,426,323,103,2,17.02,-7.13,5.01,Buffalo Bills
209,13,Thu,28-Nov,L,0,Buffalo Bills,15,26,32,426,323,103,2,22,356,232,124,,7.13,-17.02,-5.01,Dallas Cowboys
262,13,Thu,28-Nov,L,0,New Orleans Saints,18,26,27,348,259,89,3,14,279,184,95,,-5.43,-1.68,-4.87,Atlanta Falcons
330,13,Thu,28-Nov,L,0,Chicago Bears,20,24,19,364,259,105,1,22,419,331,88,1,6.28,-8.33,-0.13,Detroit Lions
456,13,Thu,28-Nov,W,1,Atlanta Falcons,26,18,14,279,184,95,,27,348,259,89,3,1.68,5.43,4.87,New Orleans Saints
419,12,Mon,25-Nov,L,0,Baltimore Ravens,6,45,14,221,199,22,2,31,480,195,285,,-8.52,-32.32,4.27,Los Angeles Rams
436,12,Mon,25-Nov,W,1,Los Angeles Rams,45,6,31,480,195,285,,14,221,199,22,2,32.32,8.52,-4.27,Baltimore Ravens
11,12,Sun,24-Nov,W,1,Green Bay Packers,37,8,16,339,227,112,,19,198,81,117,1,10.66,14.62,0.67,San Francisco 49ers
32,12,Sun,24-Nov,W,1,New York Giants,19,14,20,335,270,65,2,14,243,134,109,1,-7.02,12.48,-2.01,Chicago Bears
49,12,Sun,24-Nov,L,0,Pittsburgh Steelers,10,16,11,244,158,86,2,16,338,179,159,1,-15.56,4.31,2.52,Cincinnati Bengals
66,12,Sun,24-Nov,L,0,Buffalo Bills,3,20,9,134,49,85,1,22,424,180,244,1,-14.64,-8.5,3.59,Denver Broncos
83,12,Sun,24-Nov,W,1,Miami Dolphins,41,24,30,467,320,147,1,22,284,192,92,2,26.93,-5.91,-3.5,Cleveland Browns
100,12,Sun,24-Nov,W,1,Atlanta Falcons,35,22,20,446,313,133,2,22,337,280,57,2,11.9,5.6,-3.77,Tampa Bay Buccaneers
117,12,Sun,24-Nov,W,1,Denver Broncos,20,3,22,424,180,244,1,9,134,49,85,1,8.5,14.64,-3.59,Buffalo Bills
208,12,Sun,24-Nov,L,0,New England Patriots,9,13,16,321,212,109,1,17,282,181,101,,-7.56,7.59,-4.62,Dallas Cowboys
225,12,Sun,24-Nov,L,0,Cleveland Browns,24,41,22,284,192,92,2,30,467,320,147,1,5.91,-26.93,3.5,Miami Dolphins
242,12,Sun,24-Nov,L,0,Seattle Seahawks,9,17,23,344,238,106,5,14,348,174,174,2,-17.25,4.38,0.2,Philadelphia Eagles
261,12,Sun,24-Nov,L,0,Tampa Bay Buccaneers,22,35,22,337,280,57,2,20,446,313,133,2,-5.6,-11.9,3.77,Atlanta Falcons
278,12,Sun,24-Nov,L,0,Chicago Bears,14,19,14,243,134,109,1,20,335,270,65,2,-12.48,7.02,2.01,New York Giants
295,12,Sun,24-Nov,L,0,Tennessee Titans,20,42,23,369,252,117,1,21,471,252,219,2,1.2,-20.75,-2.59,Jacksonville Jaguars
312,12,Sun,24-Nov,W,1,Oakland Raiders,34,3,21,401,313,88,1,10,208,140,68,2,12.75,19.86,-2.36,New York Jets
329,12,Sun,24-Nov,L,0,Washington Redskins,16,19,21,364,189,175,4,13,230,144,86,2,-8.85,13.57,-10.88,Detroit Lions
346,12,Sun,24-Nov,L,0,San Francisco 49ers,8,37,19,198,81,117,1,16,339,227,112,,-14.62,-10.66,-0.67,Green Bay Packers
366,12,Sun,24-Nov,L,0,New Orleans Saints,31,34,26,351,230,121,1,23,418,300,118,1,16.55,-15.06,-5.89,Carolina Panthers
383,12,Sun,24-Nov,W,1,Dallas Cowboys,13,9,17,282,181,101,,16,321,212,109,1,-7.59,7.56,4.62,New England Patriots
402,12,Sun,24-Nov,L,0,New York Jets,3,34,10,208,140,68,2,21,401,313,88,1,-19.86,-12.75,2.36,Oakland Raiders
455,12,Sun,24-Nov,W,1,Carolina Panthers,34,31,23,418,300,118,1,26,351,230,121,1,15.06,-16.55,5.89,New Orleans Saints
474,12,Sun,24-Nov,W,1,Philadelphia Eagles,17,9,14,348,174,174,2,23,344,238,106,5,-4.38,17.25,-0.2,Seattle Seahawks
494,12,Sun,24-Nov,W,1,Cincinnati Bengals,16,10,16,338,179,159,1,11,244,158,86,2,-4.31,15.56,-2.52,Pittsburgh Steelers
531,12,Sun,24-Nov,W,1,Jacksonville Jaguars,42,20,21,471,252,219,2,23,369,252,117,1,20.75,-1.2,2.59,Tennessee Titans
191,12,Thu,21-Nov,L,0,Houston Texans,17,20,19,296,121,175,,16,396,297,99,1,3.31,-8.75,0.17,Indianapolis Colts
511,12,Thu,21-Nov,W,1,Indianapolis Colts,20,17,16,396,297,99,1,19,296,121,175,,8.75,-3.31,-0.17,Houston Texans
152,11,Mon,18-Nov,L,0,Kansas City Chiefs,17,24,23,438,345,93,4,18,310,180,130,1,-1.36,-4.13,-2.05,Los Angeles Chargers
169,11,Mon,18-Nov,W,1,Los Angeles Chargers,24,17,18,310,180,130,1,23,438,345,93,4,4.13,1.36,2.05,Kansas City Chiefs
10,11,Sun,17-Nov,W,1,Arizona Cardinals,36,26,26,442,408,34,2,21,266,131,135,2,8.92,-0.09,1.17,San Francisco 49ers
31,11,Sun,17-Nov,L,0,Los Angeles Rams,7,17,17,267,193,74,1,13,283,173,110,2,-13.17,5.69,-5.08,Chicago Bears
48,11,Sun,17-Nov,L,0,Oakland Raiders,10,17,16,246,73,173,2,20,386,273,113,2,-9.64,-3.46,3.29,Cincinnati Bengals
65,11,Sun,17-Nov,L,0,Minnesota Vikings,23,27,20,394,270,124,1,19,321,284,37,2,4.61,-8.51,2.33,Denver Broncos
99,11,Sun,17-Nov,L,0,New Orleans Saints,17,34,21,334,298,36,4,21,328,219,109,,-1.16,-12.23,0.13,Tampa Bay Buccaneers
116,11,Sun,17-Nov,W,1,Miami Dolphins,37,20,22,424,256,168,,19,303,280,23,1,15.2,11.58,-7.56,Buffalo Bills
135,11,Sun,17-Nov,L,0,San Francisco 49ers,26,36,21,266,131,135,2,26,442,408,34,2,0.09,-8.92,-1.17,Arizona Cardinals
190,11,Sun,17-Nov,W,1,Jacksonville Jaguars,33,13,23,389,125,264,2,15,308,279,29,1,15.77,4.19,-5.81,Indianapolis Colts
207,11,Sun,17-Nov,W,1,Detroit Lions,35,27,26,509,434,75,1,19,312,191,121,,22.23,-7.7,-6.35,Dallas Cowboys
224,11,Sun,17-Nov,L,0,Buffalo Bills,20,37,19,303,280,23,1,22,424,256,168,,-11.58,-15.2,7.56,Miami Dolphins
241,11,Sun,17-Nov,L,0,New England Patriots,10,17,21,255,174,81,1,19,298,224,74,,-9.17,4.83,-0.43,Philadelphia Eagles
260,11,Sun,17-Nov,W,1,Carolina Panthers,29,3,20,349,295,54,,17,347,270,77,4,6.14,19.3,-1.12,Atlanta Falcons
294,11,Sun,17-Nov,L,0,Indianapolis Colts,13,33,15,308,279,29,1,23,389,125,264,2,-4.19,-15.77,5.81,Jacksonville Jaguars
311,11,Sun,17-Nov,W,1,Washington Redskins,34,17,23,400,285,115,2,13,225,171,54,1,10.08,18.32,-9.2,New York Jets
328,11,Sun,17-Nov,L,0,Dallas Cowboys,27,35,19,312,191,121,,26,509,434,75,1,7.7,-22.23,6.35,Detroit Lions
365,11,Sun,17-Nov,L,0,Atlanta Falcons,3,29,17,347,270,77,4,20,349,295,54,,-19.3,-6.14,1.12,Carolina Panthers
382,11,Sun,17-Nov,W,1,Philadelphia Eagles,17,10,19,298,224,74,,21,255,174,81,1,-4.83,9.17,0.43,New England Patriots
401,11,Sun,17-Nov,W,1,Cincinnati Bengals,17,10,20,386,273,113,2,16,246,73,173,2,3.46,9.64,-3.29,Oakland Raiders
418,11,Sun,17-Nov,W,1,Chicago Bears,17,7,13,283,173,110,2,17,267,193,74,1,-5.69,13.17,5.08,Los Angeles Rams
435,11,Sun,17-Nov,W,1,Houston Texans,41,7,25,491,235,256,,16,232,110,122,2,31.56,13.24,-6.15,Baltimore Ravens
454,11,Sun,17-Nov,W,1,Tampa Bay Buccaneers,34,17,21,328,219,109,,21,334,298,36,4,12.23,1.16,-0.13,New Orleans Saints
510,11,Sun,17-Nov,L,0,Baltimore Ravens,7,41,16,232,110,122,2,25,491,235,256,,-13.24,-31.56,6.15,Houston Texans
551,11,Sun,17-Nov,W,1,Denver Broncos,27,23,19,321,284,37,2,20,394,270,124,1,8.51,-4.61,-2.33,Minnesota Vikings
82,11,Thu,14-Nov,W,1,Pittsburgh Steelers,21,7,17,293,189,104,,18,236,178,58,4,-1.33,24.63,-6.48,Cleveland Browns
493,11,Thu,14-Nov,L,0,Cleveland Browns,7,21,18,236,178,58,4,17,293,189,104,,-24.63,1.33,6.48,Pittsburgh Steelers
9,10,Mon,11-Nov,L,0,Seattle Seahawks,24,27,21,302,215,87,3,19,336,189,147,4,-17.73,17.69,-4.23,San Francisco 49ers
472,10,Mon,11-Nov,W,1,San Francisco 49ers,27,24,19,336,189,147,4,21,302,215,87,3,-17.69,17.73,4.23,Seattle Seahawks
30,10,Sun,10-Nov,W,1,Detroit Lions,20,13,13,226,145,81,,21,357,259,98,1,-0.41,6.77,-2.1,Chicago Bears
47,10,Sun,10-Nov,L,0,Baltimore Ravens,13,49,21,307,150,157,3,20,379,243,136,1,-18.52,-24.79,7.48,Cincinnati Bengals
81,10,Sun,10-Nov,W,1,Buffalo Bills,19,16,24,368,221,147,,20,344,260,84,,9.8,-4.32,0.44,Cleveland Browns
98,10,Sun,10-Nov,W,1,Arizona Cardinals,30,27,26,457,339,118,3,20,417,342,75,2,9.52,-1.71,-3.53,Tampa Bay Buccaneers
115,10,Sun,10-Nov,L,0,Cleveland Browns,16,19,20,344,260,84,,24,368,221,147,,4.32,-9.8,-0.44,Buffalo Bills
134,10,Sun,10-Nov,L,0,Tampa Bay Buccaneers,27,30,20,417,342,75,2,26,457,339,118,3,1.71,-9.52,3.53,Arizona Cardinals
168,10,Sun,10-Nov,L,0,Tennessee Titans,32,35,28,530,433,97,1,19,371,146,225,1,13.98,-11.07,-3.81,Kansas City Chiefs
189,10,Sun,10-Nov,L,0,Miami Dolphins,12,16,19,300,191,109,3,13,229,159,70,2,-16.98,16.73,-3.1,Indianapolis Colts
206,10,Sun,10-Nov,L,0,Minnesota Vikings,24,28,24,443,393,50,1,27,364,211,153,,18.62,-18.73,-2.89,Dallas Cowboys
223,10,Sun,10-Nov,W,1,Indianapolis Colts,16,12,13,229,159,70,2,19,300,191,109,3,-16.73,16.98,3.1,Miami Dolphins
259,10,Sun,10-Nov,W,1,New Orleans Saints,26,9,24,317,174,143,1,18,310,258,52,,5.44,10.99,-0.17,Atlanta Falcons
276,10,Sun,10-Nov,L,0,New York Jets,27,34,15,281,258,23,2,18,294,218,76,,-2.96,-6.97,0.39,New York Giants
310,10,Sun,10-Nov,W,1,New York Giants,34,27,18,294,218,76,,15,281,258,23,2,6.97,2.96,-0.39,New York Jets
327,10,Sun,10-Nov,L,0,Chicago Bears,13,20,21,357,259,98,1,13,226,145,81,,-6.77,0.41,2.1,Detroit Lions
344,10,Sun,10-Nov,W,1,Carolina Panthers,24,16,23,388,225,163,,26,401,281,120,2,17.83,-8.55,-0.11,Green Bay Packers
364,10,Sun,10-Nov,L,0,Green Bay Packers,16,24,26,401,281,120,2,23,388,225,163,,8.55,-17.83,0.11,Carolina Panthers
417,10,Sun,10-Nov,L,0,Pittsburgh Steelers,12,17,16,306,218,88,4,15,273,231,42,2,-27.02,17.68,4.1,Los Angeles Rams
434,10,Sun,10-Nov,W,1,Cincinnati Bengals,49,13,20,379,243,136,1,21,307,150,157,3,24.79,18.52,-7.48,Baltimore Ravens
453,10,Sun,10-Nov,L,0,Atlanta Falcons,9,26,18,310,258,52,,24,317,174,143,1,-10.99,-5.44,0.17,New Orleans Saints
492,10,Sun,10-Nov,W,1,Los Angeles Rams,17,12,15,273,231,42,2,16,306,218,88,4,-17.68,27.02,-4.1,Pittsburgh Steelers
529,10,Sun,10-Nov,W,1,Kansas City Chiefs,35,32,19,371,146,225,1,28,530,433,97,1,11.07,-13.98,3.81,Tennessee Titans
550,10,Sun,10-Nov,W,1,Dallas Cowboys,28,24,27,364,211,153,,24,443,393,50,1,18.73,-18.62,2.89,Minnesota Vikings
151,10,Thu,7-Nov,L,0,Oakland Raiders,24,26,26,315,169,146,3,18,278,200,78,,0.55,-5.96,1.54,Los Angeles Chargers
400,10,Thu,7-Nov,W,1,Los Angeles Chargers,26,24,18,278,200,78,,26,315,169,146,3,5.96,-0.55,-1.54,Oakland Raiders
205,9,Mon,4-Nov,W,1,New York Giants,37,18,24,429,257,172,2,20,271,171,100,3,10.68,12.66,-5.61,Dallas Cowboys
275,9,Mon,4-Nov,L,0,Dallas Cowboys,18,37,20,271,171,100,3,24,429,257,172,2,-12.66,-10.68,5.61,New York Giants
29,9,Sun,3-Nov,L,0,Philadelphia Eagles,14,22,10,164,102,62,1,26,373,227,146,,-4.78,-10.73,2.82,Chicago Bears
63,9,Sun,3-Nov,W,1,Cleveland Browns,24,19,13,302,175,127,1,21,351,261,90,,5.66,-2.24,0.78,Denver Broncos
80,9,Sun,3-Nov,L,0,Denver Broncos,19,24,21,351,261,90,,13,302,175,127,1,2.24,-5.66,-0.78,Cleveland Browns
97,9,Sun,3-Nov,L,0,Seattle Seahawks,34,40,29,418,319,99,1,31,492,347,145,1,13.19,-23.58,6.92,Tampa Bay Buccaneers
114,9,Sun,3-Nov,W,1,Washington Redskins,24,9,18,268,146,122,,12,243,116,127,,5.68,6.04,4.24,Buffalo Bills
150,9,Sun,3-Nov,W,1,Green Bay Packers,26,11,24,442,283,159,,13,184,139,45,,16.68,5.74,-6.12,Los Angeles Chargers
167,9,Sun,3-Nov,W,1,Minnesota Vikings,26,23,17,377,230,147,1,17,308,212,96,,7.56,-3.06,-0.23,Kansas City Chiefs
188,9,Sun,3-Nov,L,0,Pittsburgh Steelers,24,26,22,328,189,139,3,17,273,183,90,2,-0.41,3.46,-5.69,Indianapolis Colts
222,9,Sun,3-Nov,W,1,New York Jets,26,18,22,316,266,50,,17,321,238,83,1,9.94,2.76,-3.06,Miami Dolphins
239,9,Sun,3-Nov,W,1,Chicago Bears,22,14,26,373,227,146,,10,164,102,62,1,10.73,4.78,-2.82,Philadelphia Eagles
292,9,Sun,3-Nov,L,0,Houston Texans,3,26,21,356,282,74,4,21,410,194,216,1,-12.02,-8.05,0.32,Jacksonville Jaguars
309,9,Sun,3-Nov,L,0,Miami Dolphins,18,26,17,321,238,83,1,22,316,266,50,,-2.76,-9.94,3.06,New York Jets
326,9,Sun,3-Nov,L,0,Oakland Raiders,24,31,26,473,383,90,2,25,450,279,171,,13.92,-16.79,-4.07,Detroit Lions
343,9,Sun,3-Nov,L,0,Los Angeles Chargers,11,26,13,184,139,45,,24,442,283,159,,-5.74,-16.68,6.12,Green Bay Packers
363,9,Sun,3-Nov,W,1,Tennessee Titans,30,20,22,370,214,156,1,24,431,310,121,3,9.15,-5.05,4.67,Carolina Panthers
380,9,Sun,3-Nov,L,0,Baltimore Ravens,20,37,22,342,268,74,2,26,372,162,210,2,-5.25,-14.46,5.09,New England Patriots
399,9,Sun,3-Nov,W,1,Detroit Lions,31,24,25,450,279,171,,26,473,383,90,2,16.79,-13.92,4.07,Oakland Raiders
433,9,Sun,3-Nov,W,1,New England Patriots,37,20,26,372,162,210,2,22,342,268,74,2,14.46,5.25,-5.09,Baltimore Ravens
471,9,Sun,3-Nov,W,1,Tampa Bay Buccaneers,40,34,31,492,347,145,1,29,418,319,99,1,23.58,-13.19,-6.92,Seattle Seahawks
491,9,Sun,3-Nov,W,1,Indianapolis Colts,26,24,17,273,183,90,2,22,328,189,139,3,-3.46,0.41,5.69,Pittsburgh Steelers
508,9,Sun,3-Nov,W,1,Jacksonville Jaguars,26,3,21,410,194,216,1,21,356,282,74,4,8.05,12.02,-0.32,Houston Texans
528,9,Sun,3-Nov,L,0,Carolina Panthers,20,30,24,431,310,121,3,22,370,214,156,1,5.05,-9.15,-4.67,Tennessee Titans
549,9,Sun,3-Nov,L,0,Kansas City Chiefs,23,26,17,308,212,96,,17,377,230,147,1,3.06,-7.56,0.23,Minnesota Vikings
8,9,Thu,31-Oct,W,1,Arizona Cardinals,28,25,21,411,310,101,,19,357,204,153,,18.45,-13.71,0.88,San Francisco 49ers
133,9,Thu,31-Oct,L,0,San Francisco 49ers,25,28,19,357,204,153,,21,411,310,101,,13.71,-18.45,-0.88,Arizona Cardinals
221,8,Mon,28-Oct,L,0,Pittsburgh Steelers,14,27,16,230,170,60,4,21,394,236,158,1,-12.16,-5.58,3.84,Miami Dolphins
490,8,Mon,28-Oct,W,1,Miami Dolphins,27,14,21,394,236,158,1,16,230,170,60,4,5.58,12.16,-3.84,Pittsburgh Steelers
7,8,Sun,27-Oct,W,1,Carolina Panthers,51,13,24,388,156,232,1,12,230,100,130,3,15.84,30.05,-7.14,San Francisco 49ers
28,8,Sun,27-Oct,L,0,Los Angeles Chargers,16,17,26,388,226,162,2,11,231,195,36,1,0.44,5.45,-6.02,Chicago Bears
45,8,Sun,27-Oct,L,0,Los Angeles Rams,10,24,24,401,297,104,,19,470,372,98,,3.84,-18.42,-1.27,Cincinnati Bengals
62,8,Sun,27-Oct,L,0,Indianapolis Colts,13,15,21,279,166,113,,19,318,191,127,1,-2.39,-0.95,1.85,Denver Broncos
79,8,Sun,27-Oct,L,0,New England Patriots,13,27,15,310,151,159,3,19,318,239,79,,-19.38,-4.62,7.91,Cleveland Browns
96,8,Sun,27-Oct,L,0,Tennessee Titans,23,27,23,389,283,106,4,16,246,174,72,1,-6.92,2.72,-1.66,Tampa Bay Buccaneers
113,8,Sun,27-Oct,L,0,Philadelphia Eagles,13,31,16,253,155,98,1,21,371,153,218,1,-7.91,-10.88,5.78,Buffalo Bills
132,8,Sun,27-Oct,L,0,New Orleans Saints,9,31,10,237,197,40,,28,510,373,137,1,-11.97,-24.66,9.91,Arizona Cardinals
149,8,Sun,27-Oct,W,1,Chicago Bears,17,16,11,231,195,36,1,26,388,226,162,2,-5.45,-0.44,6.02,Los Angeles Chargers
166,8,Sun,27-Oct,L,0,Green Bay Packers,24,31,21,337,249,88,1,21,374,256,118,,11.4,-17.67,0.68,Kansas City Chiefs
187,8,Sun,27-Oct,W,1,Denver Broncos,15,13,19,318,191,127,1,21,279,166,113,,0.95,2.39,-1.85,Indianapolis Colts
238,8,Sun,27-Oct,W,1,Buffalo Bills,31,13,21,371,153,218,1,16,253,155,98,1,10.88,7.91,-5.78,Philadelphia Eagles
257,8,Sun,27-Oct,L,0,Seattle Seahawks,20,27,30,510,441,69,3,18,322,171,151,,12.89,-7.62,-15.43,Atlanta Falcons
274,8,Sun,27-Oct,L,0,Detroit Lions,26,31,24,370,290,80,1,17,375,316,59,2,6.34,-7.67,-5.39,New York Giants
291,8,Sun,27-Oct,W,1,New York Jets,29,15,21,389,278,111,1,15,213,167,46,3,4.35,12.91,-3.33,Jacksonville Jaguars
308,8,Sun,27-Oct,L,0,Jacksonville Jaguars,15,29,15,213,167,46,3,21,389,278,111,1,-12.91,-4.35,3.33,New York Jets
325,8,Sun,27-Oct,W,1,New York Giants,31,26,17,375,316,59,2,24,370,290,80,1,7.67,-6.34,5.39,Detroit Lions
342,8,Sun,27-Oct,W,1,Kansas City Chiefs,31,24,21,374,256,118,,21,337,249,88,1,17.67,-11.4,-0.68,Green Bay Packers
362,8,Sun,27-Oct,L,0,San Francisco 49ers,13,51,12,230,100,130,3,24,388,156,232,1,-30.05,-15.84,7.14,Carolina Panthers
379,8,Sun,27-Oct,W,1,Cleveland Browns,27,13,19,318,239,79,,15,310,151,159,3,4.62,19.38,-7.91,New England Patriots
398,8,Sun,27-Oct,L,0,Houston Texans,24,27,15,378,285,93,,29,388,258,130,,11.28,-14.69,1.22,Oakland Raiders
415,8,Sun,27-Oct,W,1,Cincinnati Bengals,24,10,19,470,372,98,,24,401,297,104,,18.42,-3.84,1.27,Los Angeles Rams
451,8,Sun,27-Oct,W,1,Arizona Cardinals,31,9,28,510,373,137,1,10,237,197,40,,24.66,11.97,-9.91,New Orleans Saints
470,8,Sun,27-Oct,W,1,Atlanta Falcons,27,20,18,322,171,151,,30,510,441,69,3,7.62,-12.89,15.43,Seattle Seahawks
507,8,Sun,27-Oct,W,1,Oakland Raiders,27,24,29,388,258,130,,15,378,285,93,,14.69,-11.28,-1.22,Houston Texans
527,8,Sun,27-Oct,W,1,Tampa Bay Buccaneers,27,23,16,246,174,72,1,23,389,283,106,4,-2.72,6.92,1.66,Tennessee Titans
548,8,Thu,24-Oct,W,1,Washington Redskins,19,9,22,434,273,161,1,14,216,131,85,2,6.29,5.06,-2.48,Minnesota Vikings
307,7,Mon,21-Oct,L,0,New England Patriots,0,33,12,154,73,81,6,22,323,249,74,1,-28.37,-2.21,-1.82,New York Jets
378,7,Mon,21-Oct,W,1,New York Jets,33,0,22,323,249,74,1,12,154,73,81,6,2.21,28.37,1.82,New England Patriots
6,7,Sun,20-Oct,W,1,Washington Redskins,9,0,17,283,146,137,1,10,154,50,104,1,-1.99,14.12,-0.61,San Francisco 49ers
27,7,Sun,20-Oct,L,0,New Orleans Saints,25,36,16,252,235,17,2,24,424,273,151,,-12.36,-13.46,10.99,Chicago Bears
44,7,Sun,20-Oct,L,0,Jacksonville Jaguars,17,27,21,291,258,33,4,22,460,244,216,,-14.01,-2.45,7.13,Cincinnati Bengals
112,7,Sun,20-Oct,W,1,Miami Dolphins,31,21,17,305,188,117,,24,381,272,109,2,5.07,-5.68,3.71,Buffalo Bills
131,7,Sun,20-Oct,W,1,New York Giants,27,21,18,245,89,156,,21,263,156,107,3,3.73,8.02,-2.98,Arizona Cardinals
148,7,Sun,20-Oct,L,0,Tennessee Titans,20,23,24,365,326,39,1,22,403,306,97,1,8.93,-10.83,-0.57,Los Angeles Chargers
186,7,Sun,20-Oct,W,1,Houston Texans,30,23,23,383,321,62,1,21,391,291,100,2,8.42,-1.33,0.23,Indianapolis Colts
203,7,Sun,20-Oct,W,1,Philadelphia Eagles,37,10,23,402,213,189,1,16,283,168,115,4,15.32,10.92,-0.53,Dallas Cowboys
220,7,Sun,20-Oct,L,0,Buffalo Bills,21,31,24,381,272,109,2,17,305,188,117,,5.68,-5.07,-3.71,Miami Dolphins
237,7,Sun,20-Oct,L,0,Dallas Cowboys,10,37,16,283,168,115,4,23,402,213,189,1,-10.92,-15.32,0.53,Philadelphia Eagles
256,7,Sun,20-Oct,L,0,Los Angeles Rams,10,37,14,224,186,38,3,23,381,291,90,,-10.97,-8.61,-7.98,Atlanta Falcons
273,7,Sun,20-Oct,L,0,Arizona Cardinals,21,27,21,263,156,107,3,18,245,89,156,,-8.02,-3.73,2.98,New York Giants
290,7,Sun,20-Oct,W,1,Cincinnati Bengals,27,17,22,460,244,216,,21,291,258,33,4,2.45,14.01,-7.13,Jacksonville Jaguars
324,7,Sun,20-Oct,L,0,Minnesota Vikings,30,42,26,433,352,81,1,32,504,338,166,,18.28,-35.6,2.59,Detroit Lions
341,7,Sun,20-Oct,W,1,Oakland Raiders,42,24,22,481,421,60,,21,484,329,155,2,33.09,-11.8,-5.36,Green Bay Packers
397,7,Sun,20-Oct,L,0,Green Bay Packers,24,42,21,484,329,155,2,22,481,421,60,,11.8,-33.09,5.36,Oakland Raiders
414,7,Sun,20-Oct,W,1,Atlanta Falcons,37,10,23,381,291,90,,14,224,186,38,3,8.61,10.97,7.98,Los Angeles Rams
431,7,Sun,20-Oct,W,1,Seattle Seahawks,30,16,14,340,141,199,,20,347,241,106,2,7.42,6.98,0.09,Baltimore Ravens
450,7,Sun,20-Oct,W,1,Chicago Bears,36,25,24,424,273,151,,16,252,235,17,2,13.46,12.36,-10.99,New Orleans Saints
469,7,Sun,20-Oct,L,0,Baltimore Ravens,16,30,20,347,241,106,2,14,340,141,199,,-6.98,-7.42,-0.09,Seattle Seahawks
506,7,Sun,20-Oct,L,0,Indianapolis Colts,23,30,21,391,291,100,2,23,383,321,62,1,1.33,-8.42,-0.23,Houston Texans
526,7,Sun,20-Oct,W,1,Los Angeles Chargers,23,20,22,403,306,97,1,24,365,326,39,1,10.83,-8.93,0.57,Tennessee Titans
547,7,Sun,20-Oct,W,1,Detroit Lions,42,30,32,504,338,166,,26,433,352,81,1,35.6,-18.28,-2.59,Minnesota Vikings
61,7,Thu,17-Oct,L,0,Kansas City Chiefs,6,30,15,205,134,71,1,14,271,191,80,,-17.78,-0.65,-6.92,Denver Broncos
165,7,Thu,17-Oct,W,1,Denver Broncos,30,6,14,271,191,80,,15,205,134,71,1,0.65,17.78,6.92,Kansas City Chiefs
323,6,Mon,14-Oct,L,0,Green Bay Packers,22,23,13,299,243,56,,22,447,277,170,3,-0.7,-4.03,4.66,Detroit Lions
340,6,Mon,14-Oct,W,1,Detroit Lions,23,22,22,447,277,170,3,13,299,243,56,,4.03,0.7,-4.66,Green Bay Packers
5,6,Sun,13-Oct,W,1,Los Angeles Rams,20,7,22,331,232,99,2,10,157,48,109,1,-3.54,25.23,-5.01,San Francisco 49ers
43,6,Sun,13-Oct,L,0,Baltimore Ravens,17,23,18,250,217,33,1,26,497,228,269,1,0.57,-15.13,4.92,Cincinnati Bengals
60,6,Sun,13-Oct,W,1,Tennessee Titans,16,0,11,270,167,103,1,12,204,165,39,3,-10.82,25.18,1.34,Denver Broncos
77,6,Sun,13-Oct,L,0,Seattle Seahawks,28,32,21,406,249,157,4,29,454,284,170,1,3.24,-15.53,4.92,Cleveland Browns
94,6,Sun,13-Oct,L,0,Carolina Panthers,26,37,23,407,365,42,7,17,268,209,59,1,-14.39,2.76,0.09,Tampa Bay Buccaneers
130,6,Sun,13-Oct,W,1,Atlanta Falcons,34,33,24,442,340,102,,31,444,341,103,,23.23,-24.99,0.25,Arizona Cardinals
147,6,Sun,13-Oct,L,0,Pittsburgh Steelers,17,24,23,348,316,32,3,18,256,132,124,1,-2.12,-5.45,-4.54,Los Angeles Chargers
164,6,Sun,13-Oct,L,0,Houston Texans,24,31,20,309,256,53,2,35,472,280,192,3,6.1,-16.92,1.87,Kansas City Chiefs
202,6,Sun,13-Oct,L,0,New York Jets,22,24,26,399,270,129,,20,382,326,56,1,11.13,-10.83,-3.11,Dallas Cowboys
219,6,Sun,13-Oct,L,0,Washington Redskins,16,17,21,271,187,84,2,13,311,166,145,,-9.38,-1.22,5.99,Miami Dolphins
236,6,Sun,13-Oct,L,0,Minnesota Vikings,20,38,19,400,292,108,3,26,447,325,122,2,2.18,-17.04,0.52,Philadelphia Eagles
255,6,Sun,13-Oct,L,0,Arizona Cardinals,33,34,31,444,341,103,,24,442,340,102,,24.99,-23.23,-0.25,Atlanta Falcons
289,6,Sun,13-Oct,L,0,New Orleans Saints,6,13,11,226,151,75,1,18,326,222,104,,-11.07,-1.88,0.56,Jacksonville Jaguars
306,6,Sun,13-Oct,W,1,Dallas Cowboys,24,22,20,382,326,56,1,26,399,270,129,,10.83,-11.13,3.11,New York Jets
360,6,Sun,13-Oct,W,1,Tampa Bay Buccaneers,37,26,17,268,209,59,1,23,407,365,42,7,-2.76,14.39,-0.09,Carolina Panthers
413,6,Sun,13-Oct,L,0,San Francisco 49ers,7,20,10,157,48,109,1,22,331,232,99,2,-25.23,3.54,5.01,Los Angeles Rams
430,6,Sun,13-Oct,W,1,Cincinnati Bengals,23,17,26,497,228,269,1,18,250,217,33,1,15.13,-0.57,-4.92,Baltimore Ravens
449,6,Sun,13-Oct,W,1,Jacksonville Jaguars,13,6,18,326,222,104,,11,226,151,75,1,1.88,11.07,-0.56,New Orleans Saints
468,6,Sun,13-Oct,W,1,Cleveland Browns,32,28,29,454,284,170,1,21,406,249,157,4,15.53,-3.24,-4.92,Seattle Seahawks
488,6,Sun,13-Oct,W,1,Los Angeles Chargers,24,17,18,256,132,124,1,23,348,316,32,3,5.45,2.12,4.54,Pittsburgh Steelers
505,6,Sun,13-Oct,W,1,Kansas City Chiefs,31,24,35,472,280,192,3,20,309,256,53,2,16.92,-6.1,-1.87,Houston Texans
525,6,Sun,13-Oct,L,0,Denver Broncos,0,16,12,204,165,39,3,11,270,167,103,1,-25.18,10.82,-1.34,Tennessee Titans
546,6,Sun,13-Oct,W,1,Philadelphia Eagles,38,20,26,447,325,122,2,19,400,292,108,3,17.04,-2.18,-0.52,Minnesota Vikings
272,6,Thu,10-Oct,L,0,New England Patriots,14,35,10,213,161,52,4,27,427,313,114,2,-24.29,0.69,-1.1,New York Giants
377,6,Thu,10-Oct,W,1,New York Giants,35,14,27,427,313,114,2,10,213,161,52,4,-0.69,24.29,1.1,New England Patriots
4,5,Mon,7-Oct,W,1,Cleveland Browns,31,3,22,446,171,275,,9,180,78,102,4,12.38,22.56,-10.5,San Francisco 49ers
76,5,Mon,7-Oct,L,0,San Francisco 49ers,3,31,9,180,78,102,4,22,446,171,275,,-22.56,-12.38,10.5,Cleveland Browns
25,5,Sun,6-Oct,L,0,Oakland Raiders,21,24,15,236,194,42,2,25,398,229,169,2,-3.03,-2.24,-0.43,Chicago Bears
42,5,Sun,6-Oct,L,0,Arizona Cardinals,23,26,21,370,262,108,,26,514,248,266,,9.27,-21.22,8.95,Cincinnati Bengals
59,5,Sun,6-Oct,W,1,Los Angeles Chargers,20,13,15,350,159,191,2,19,246,211,35,3,-2.29,12.18,-0.78,Denver Broncos
93,5,Sun,6-Oct,L,0,New Orleans Saints,24,31,19,252,158,94,,25,457,345,112,1,4.27,-17.39,3.99,Tampa Bay Buccaneers
110,5,Sun,6-Oct,W,1,Tennessee Titans,14,7,18,313,204,109,1,14,252,150,102,,-1.16,3.6,8.64,Buffalo Bills
129,5,Sun,6-Oct,W,1,Cincinnati Bengals,26,23,26,514,248,266,,21,370,262,108,,21.22,-9.27,-8.95,Arizona Cardinals
146,5,Sun,6-Oct,L,0,Denver Broncos,13,20,19,246,211,35,3,15,350,159,191,2,-12.18,2.29,0.78,Los Angeles Chargers
163,5,Sun,6-Oct,L,0,Indianapolis Colts,13,19,18,324,288,36,1,25,331,151,180,1,-1.57,-4.31,-1.09,Kansas City Chiefs
184,5,Sun,6-Oct,W,1,Kansas City Chiefs,19,13,25,331,151,180,1,18,324,288,36,1,4.31,1.57,1.09,Indianapolis Colts
201,5,Sun,6-Oct,L,0,Green Bay Packers,24,34,32,563,441,122,3,24,335,215,120,,12.8,-9.21,-10.99,Dallas Cowboys
235,5,Sun,6-Oct,W,1,New York Jets,31,6,17,265,181,84,1,9,128,61,67,3,-4.56,35.65,-6.44,Philadelphia Eagles
254,5,Sun,6-Oct,L,0,Houston Texans,32,53,22,373,316,57,1,31,592,426,166,1,6.4,-40.69,9.43,Atlanta Falcons
271,5,Sun,6-Oct,L,0,Minnesota Vikings,10,28,18,211,147,64,1,22,490,279,211,1,-8.73,-16.93,0.4,New York Giants
288,5,Sun,6-Oct,L,0,Carolina Panthers,27,34,28,507,358,149,3,22,445,160,285,,5.62,-16.1,6.41,Jacksonville Jaguars
305,5,Sun,6-Oct,L,0,Philadelphia Eagles,6,31,9,128,61,67,3,17,265,181,84,1,-35.65,4.56,6.44,New York Jets
339,5,Sun,6-Oct,W,1,Dallas Cowboys,34,24,24,335,215,120,,32,563,441,122,3,9.21,-12.8,10.99,Green Bay Packers
359,5,Sun,6-Oct,W,1,Jacksonville Jaguars,34,27,22,445,160,285,,28,507,358,149,3,16.1,-5.62,-6.41,Carolina Panthers
376,5,Sun,6-Oct,W,1,Washington Redskins,33,7,23,442,312,130,1,11,223,78,145,2,9.23,20.78,-6.54,New England Patriots
395,5,Sun,6-Oct,W,1,Chicago Bears,24,21,25,398,229,169,2,15,236,194,42,2,2.24,3.03,0.43,Oakland Raiders
429,5,Sun,6-Oct,W,1,Pittsburgh Steelers,26,23,22,277,139,138,3,18,269,192,77,2,-4.12,1.8,5.32,Baltimore Ravens
448,5,Sun,6-Oct,W,1,Tampa Bay Buccaneers,31,24,25,457,345,112,1,19,252,158,94,,17.39,-4.27,-3.99,New Orleans Saints
487,5,Sun,6-Oct,L,0,Baltimore Ravens,23,26,18,269,192,77,2,22,277,139,138,3,-1.8,4.12,-5.32,Pittsburgh Steelers
504,5,Sun,6-Oct,W,1,Atlanta Falcons,53,32,31,592,426,166,1,22,373,316,57,1,40.69,-6.4,-9.43,Houston Texans
524,5,Sun,6-Oct,L,0,Buffalo Bills,7,14,14,252,150,102,,18,313,204,109,1,-3.6,1.16,-8.64,Tennessee Titans
545,5,Sun,6-Oct,W,1,New York Giants,28,10,22,490,279,211,1,18,211,147,64,1,16.93,8.73,-0.4,Minnesota Vikings
412,5,Thu,3-Oct,L,0,Seattle Seahawks,29,30,24,477,395,82,2,25,429,262,167,1,9.94,-12.97,1.58,Los Angeles Rams
467,5,Thu,3-Oct,W,1,Los Angeles Rams,30,29,25,429,262,167,1,24,477,395,82,2,12.97,-9.94,-1.58,Seattle Seahawks
41,4,Mon,30-Sep,L,0,Pittsburgh Steelers,3,27,16,175,102,73,2,20,326,260,66,1,-16.54,-6.93,0.04,Cincinnati Bengals
486,4,Mon,30-Sep,W,1,Cincinnati Bengals,27,3,20,326,260,66,1,16,175,102,73,2,6.93,16.54,-0.04,Pittsburgh Steelers
24,4,Sun,29-Sep,W,1,Minnesota Vikings,16,6,17,269,197,72,,15,222,182,40,2,-2.85,10.79,1.53,Chicago Bears
58,4,Sun,29-Sep,L,0,Jacksonville Jaguars,24,26,19,371,303,68,1,25,455,186,269,,6.62,-7.97,-0.72,Denver Broncos
75,4,Sun,29-Sep,W,1,Baltimore Ravens,40,25,22,530,337,193,1,24,395,222,173,3,23.04,-4.82,-3.35,Cleveland Browns
92,4,Sun,29-Sep,W,1,Los Angeles Rams,55,40,27,464,376,88,1,36,518,490,28,4,22.76,-4.47,-4.04,Tampa Bay Buccaneers
109,4,Sun,29-Sep,L,0,New England Patriots,10,16,23,375,240,135,4,11,224,150,74,1,-12.71,14.59,-6.09,Buffalo Bills
128,4,Sun,29-Sep,L,0,Seattle Seahawks,10,27,20,321,206,115,1,21,340,225,115,,-0.78,-10.61,-2.81,Arizona Cardinals
145,4,Sun,29-Sep,W,1,Miami Dolphins,30,10,24,390,311,79,,13,233,161,72,1,15.45,-0.41,3.89,Los Angeles Chargers
162,4,Sun,29-Sep,W,1,Detroit Lions,34,30,29,438,315,123,3,29,447,261,186,2,17.08,-1.27,-13.41,Kansas City Chiefs
183,4,Sun,29-Sep,L,0,Oakland Raiders,24,31,22,346,265,81,2,21,377,189,188,1,1.6,-8.99,-0.78,Indianapolis Colts
200,4,Sun,29-Sep,L,0,New Orleans Saints,10,12,15,257,212,45,3,18,266,149,117,1,1.46,1.84,-0.65,Dallas Cowboys
217,4,Sun,29-Sep,L,0,Los Angeles Chargers,10,30,13,233,161,72,1,24,390,311,79,,0.41,-15.45,-3.89,Miami Dolphins
253,4,Sun,29-Sep,L,0,Tennessee Titans,10,24,24,422,364,58,1,22,365,227,138,,1.83,-10.78,-3.8,Atlanta Falcons
270,4,Sun,29-Sep,W,1,Washington Redskins,24,3,24,389,225,164,4,8,176,121,55,4,0.43,25.74,-4.64,New York Giants
287,4,Sun,29-Sep,W,1,Denver Broncos,26,24,25,455,186,269,,19,371,303,68,1,7.97,-6.62,0.72,Jacksonville Jaguars
321,4,Sun,29-Sep,L,0,Kansas City Chiefs,30,34,29,447,261,186,2,29,438,315,123,3,1.27,-17.08,13.41,Detroit Lions
358,4,Sun,29-Sep,W,1,Houston Texans,16,10,19,297,203,94,3,18,264,128,136,2,-5.69,9.25,-1.44,Carolina Panthers
375,4,Sun,29-Sep,W,1,Buffalo Bills,16,10,11,224,150,74,1,23,375,240,135,4,-14.59,12.71,6.09,New England Patriots
394,4,Sun,29-Sep,W,1,Indianapolis Colts,31,24,21,377,189,188,1,22,346,265,81,2,8.99,-1.6,0.78,Oakland Raiders
411,4,Sun,29-Sep,L,0,Tampa Bay Buccaneers,40,55,36,518,490,28,4,27,464,376,88,1,4.47,-22.76,4.04,Los Angeles Rams
428,4,Sun,29-Sep,L,0,Cleveland Browns,25,40,24,395,222,173,3,22,530,337,193,1,4.82,-23.04,3.35,Baltimore Ravens
447,4,Sun,29-Sep,W,1,Dallas Cowboys,12,10,18,266,149,117,1,15,257,212,45,3,-1.84,-1.46,0.65,New Orleans Saints
466,4,Sun,29-Sep,W,1,Arizona Cardinals,27,10,21,340,225,115,,20,321,206,115,1,10.61,0.78,2.81,Seattle Seahawks
503,4,Sun,29-Sep,L,0,Carolina Panthers,10,16,18,264,128,136,2,19,297,203,94,3,-9.25,5.69,1.44,Houston Texans
523,4,Sun,29-Sep,W,1,Atlanta Falcons,24,10,22,365,227,138,,24,422,364,58,1,10.78,-1.83,3.8,Tennessee Titans
544,4,Sun,29-Sep,L,0,Chicago Bears,6,16,15,222,182,40,2,17,269,197,72,,-10.79,2.85,-1.53,Minnesota Vikings
234,4,Thu,26-Sep,W,1,Green Bay Packers,34,27,24,336,160,176,,31,491,414,77,2,18.42,-16.95,4.12,Philadelphia Eagles
338,4,Thu,26-Sep,L,0,Philadelphia Eagles,27,34,31,491,414,77,2,24,336,160,176,,16.95,-18.42,-4.12,Green Bay Packers
23,3,Mon,23-Sep,W,1,Washington Redskins,31,15,21,298,208,90,1,25,356,287,69,5,9.23,11.86,-3.52,Chicago Bears
2,3,Sun,22-Sep,W,1,Pittsburgh Steelers,24,20,26,436,268,168,5,11,239,160,79,2,-3.72,10.2,0.12,San Francisco 49ers
40,3,Sun,22-Sep,L,0,Buffalo Bills,17,21,17,306,240,66,4,25,416,241,175,2,-9.17,-1.8,8.04,Cincinnati Bengals
57,3,Sun,22-Sep,L,0,Green Bay Packers,16,27,20,310,161,149,3,16,312,235,77,,-7.05,-6.29,3.35,Denver Broncos
74,3,Sun,22-Sep,L,0,Los Angeles Rams,13,20,18,270,175,95,1,20,344,254,90,3,-8.89,-1.06,3.41,Cleveland Browns
91,3,Sun,22-Sep,L,0,New York Giants,31,32,24,499,355,144,1,17,384,312,72,2,14.58,-8.02,-6.08,Tampa Bay Buccaneers
108,3,Sun,22-Sep,W,1,Cincinnati Bengals,21,17,25,416,241,175,2,17,306,240,66,4,1.8,9.17,-8.04,Buffalo Bills
127,3,Sun,22-Sep,L,0,Carolina Panthers,20,38,21,248,127,121,2,21,413,240,173,1,-3.15,-19.08,3.46,Arizona Cardinals
144,3,Sun,22-Sep,L,0,Houston Texans,20,27,22,366,293,73,1,20,376,337,39,1,6.08,-16.39,1.94,Los Angeles Chargers
161,3,Sun,22-Sep,W,1,Baltimore Ravens,33,28,27,503,363,140,,29,452,249,203,,25.98,-14.5,-4.79,Kansas City Chiefs
182,3,Sun,22-Sep,W,1,Atlanta Falcons,27,24,29,379,300,79,,25,397,304,93,1,23.26,-20.23,2.98,Indianapolis Colts
199,3,Sun,22-Sep,W,1,Miami Dolphins,31,6,28,476,241,235,1,17,283,211,72,1,19.62,14,-6.19,Dallas Cowboys
216,3,Sun,22-Sep,L,0,Dallas Cowboys,6,31,17,283,211,72,1,28,476,241,235,1,-14,-19.62,6.19,Miami Dolphins
233,3,Sun,22-Sep,L,0,Detroit Lions,24,27,22,373,246,127,2,16,287,201,86,,-0.31,-1.07,-3.8,Philadelphia Eagles
252,3,Sun,22-Sep,L,0,Indianapolis Colts,24,27,25,397,304,93,1,29,379,300,79,,20.23,-23.26,-2.98,Atlanta Falcons
269,3,Sun,22-Sep,W,1,Tampa Bay Buccaneers,32,31,17,384,312,72,2,24,499,355,144,1,8.02,-14.58,6.08,New York Giants
303,3,Sun,22-Sep,L,0,New England Patriots,14,30,6,105,69,36,1,21,381,313,68,2,-26.43,-1.65,9.81,New York Jets
320,3,Sun,22-Sep,W,1,Philadelphia Eagles,27,24,16,287,201,86,,22,373,246,127,2,1.07,0.31,3.8,Detroit Lions
337,3,Sun,22-Sep,W,1,Denver Broncos,27,16,16,312,235,77,,20,310,161,149,3,6.29,7.05,-3.35,Green Bay Packers
357,3,Sun,22-Sep,W,1,Arizona Cardinals,38,20,21,413,240,173,1,21,248,127,121,2,19.08,3.15,-3.46,Carolina Panthers
374,3,Sun,22-Sep,W,1,New York Jets,30,14,21,381,313,68,2,6,105,69,36,1,1.65,26.43,-9.81,New England Patriots
393,3,Sun,22-Sep,L,0,Minnesota Vikings,14,34,17,302,214,88,1,23,385,174,211,,1.77,-20.43,-0.15,Oakland Raiders
410,3,Sun,22-Sep,W,1,Cleveland Browns,20,13,20,344,254,90,3,18,270,175,95,1,1.06,8.89,-3.41,Los Angeles Rams
427,3,Sun,22-Sep,L,0,Kansas City Chiefs,28,33,29,452,249,203,,27,503,363,140,,14.5,-25.98,4.79,Baltimore Ravens
446,3,Sun,22-Sep,W,1,Seattle Seahawks,33,27,15,265,177,88,1,26,514,406,108,1,0.89,-8.28,6.88,New Orleans Saints
465,3,Sun,22-Sep,L,0,New Orleans Saints,27,33,26,514,406,108,1,15,265,177,88,1,8.28,-0.89,-6.88,Seattle Seahawks
485,3,Sun,22-Sep,L,0,San Francisco 49ers,20,24,11,239,160,79,2,26,436,268,168,5,-10.2,3.72,-0.12,Pittsburgh Steelers
502,3,Sun,22-Sep,W,1,Los Angeles Chargers,27,20,20,376,337,39,1,22,366,293,73,1,16.39,-6.08,-1.94,Houston Texans
543,3,Sun,22-Sep,W,1,Oakland Raiders,34,14,23,385,174,211,,17,302,214,88,1,20.43,-1.77,0.15,Minnesota Vikings
286,3,Thu,19-Sep,W,1,Tennessee Titans,20,7,12,292,204,88,,21,340,249,91,1,-1.2,6.44,5.28,Jacksonville Jaguars
522,3,Thu,19-Sep,L,0,Jacksonville Jaguars,7,20,21,340,249,91,1,12,292,204,88,,-6.44,1.2,-5.28,Tennessee Titans
73,2,Mon,16-Sep,W,1,New York Jets,23,3,16,375,305,70,1,13,262,169,93,1,4.95,14.42,-0.9,Cleveland Browns
302,2,Mon,16-Sep,L,0,Cleveland Browns,3,23,13,262,169,93,1,16,375,305,70,1,-14.42,-4.95,0.9,New York Jets
1,2,Sun,15-Sep,W,1,Cincinnati Bengals,41,17,27,571,312,259,1,14,316,291,25,1,27.34,1.14,-6.64,San Francisco 49ers
22,2,Sun,15-Sep,W,1,Denver Broncos,16,14,18,273,120,153,,27,372,282,90,1,4.12,-4.46,5.8,Chicago Bears
39,2,Sun,15-Sep,L,0,San Francisco 49ers,17,41,14,316,291,25,1,27,571,312,259,1,-1.14,-27.34,6.64,Cincinnati Bengals
56,2,Sun,15-Sep,L,0,Chicago Bears,14,16,27,372,282,90,1,18,273,120,153,,4.46,-4.12,-5.8,Denver Broncos
107,2,Sun,15-Sep,W,1,New York Giants,28,14,24,388,237,151,,21,370,241,129,2,6.57,2.11,3.56,Buffalo Bills
126,2,Sun,15-Sep,L,0,Baltimore Ravens,17,23,15,349,329,20,,26,440,258,182,,4.48,-11.6,-4.18,Arizona Cardinals
143,2,Sun,15-Sep,L,0,Detroit Lions,10,13,21,424,287,137,2,19,339,245,94,2,5.86,-8.62,-0.56,Los Angeles Chargers
160,2,Sun,15-Sep,W,1,Oakland Raiders,28,10,24,467,436,31,1,19,307,178,129,2,18.12,2.14,-2.97,Kansas City Chiefs
181,2,Sun,15-Sep,W,1,Tennessee Titans,19,17,21,288,121,167,2,18,243,119,124,,5.07,3.74,-3.24,Indianapolis Colts
198,2,Sun,15-Sep,W,1,Washington Redskins,31,21,25,474,261,213,1,19,255,208,47,,23.5,-7.06,-3.71,Dallas Cowboys
215,2,Sun,15-Sep,L,0,New England Patriots,0,43,11,184,142,42,4,27,379,255,124,1,-35.44,-14.12,12.05,Miami Dolphins
232,2,Sun,15-Sep,L,0,Atlanta Falcons,20,24,18,286,237,49,3,19,367,310,57,3,-5.22,-3.96,4.03,Philadelphia Eagles
251,2,Sun,15-Sep,W,1,Philadelphia Eagles,24,20,19,367,310,57,3,18,286,237,49,3,3.96,5.22,-4.03,Atlanta Falcons
268,2,Sun,15-Sep,L,0,Buffalo Bills,14,28,21,370,241,129,2,24,388,237,151,,-2.11,-6.57,-3.56,New York Giants
285,2,Sun,15-Sep,L,0,Houston Texans,12,13,16,281,178,103,1,17,263,137,126,,-7.19,2.3,1.18,Jacksonville Jaguars
319,2,Sun,15-Sep,W,1,Los Angeles Chargers,13,10,19,339,245,94,2,21,424,287,137,2,8.62,-5.86,0.56,Detroit Lions
336,2,Sun,15-Sep,W,1,Minnesota Vikings,21,16,20,335,191,144,2,15,421,223,198,4,-7.02,6.94,5.3,Green Bay Packers
373,2,Sun,15-Sep,W,1,Miami Dolphins,43,0,27,379,255,124,1,11,184,142,42,4,14.12,35.44,-12.05,New England Patriots
392,2,Sun,15-Sep,L,0,Kansas City Chiefs,10,28,19,307,178,129,2,24,467,436,31,1,-2.14,-18.12,2.97,Oakland Raiders
409,2,Sun,15-Sep,W,1,New Orleans Saints,27,9,20,380,265,115,1,15,244,187,57,1,7.63,13.12,-6.34,Los Angeles Rams
426,2,Sun,15-Sep,W,1,Arizona Cardinals,23,17,26,440,258,182,,15,349,329,20,,11.6,-4.48,4.18,Baltimore Ravens
445,2,Sun,15-Sep,L,0,Los Angeles Rams,9,27,15,244,187,57,1,20,380,265,115,1,-13.12,-7.63,6.34,New Orleans Saints
464,2,Sun,15-Sep,W,1,Pittsburgh Steelers,28,26,25,425,274,151,2,17,261,180,81,1,5.07,-0.23,1.28,Seattle Seahawks
484,2,Sun,15-Sep,L,0,Seattle Seahawks,26,28,17,261,180,81,1,25,425,274,151,2,0.23,-5.07,-1.28,Pittsburgh Steelers
501,2,Sun,15-Sep,W,1,Jacksonville Jaguars,13,12,17,263,137,126,,16,281,178,103,1,-2.3,7.19,-1.18,Houston Texans
521,2,Sun,15-Sep,L,0,Indianapolis Colts,17,19,18,243,119,124,,21,288,121,167,2,-3.74,-5.07,3.24,Tennessee Titans
542,2,Sun,15-Sep,L,0,Green Bay Packers,16,21,15,421,223,198,4,20,335,191,144,2,-6.94,7.02,-5.3,Minnesota Vikings
90,2,Thu,12-Sep,W,1,Carolina Panthers,20,14,16,289,189,100,,20,352,313,39,1,-2.31,14.8,-8.98,Tampa Bay Buccaneers
356,2,Thu,12-Sep,L,0,Tampa Bay Buccaneers,14,20,20,352,313,39,1,16,289,189,100,,-14.8,2.31,8.98,Carolina Panthers
55,1,Mon,9-Sep,L,0,Oakland Raiders,16,24,18,344,249,95,,19,357,259,98,,8.29,-16.92,1.51,Denver Broncos
391,1,Mon,9-Sep,W,1,Denver Broncos,24,16,19,357,259,98,,18,344,249,95,,16.92,-8.29,-1.51,Oakland Raiders
444,1,Mon,9-Sep,W,1,Houston Texans,30,28,25,510,362,148,1,22,414,234,180,1,23.59,-19.6,-0.06,New Orleans Saints
500,1,Mon,9-Sep,L,0,New Orleans Saints,28,30,22,414,234,180,1,25,510,362,148,1,19.6,-23.59,0.06,Houston Texans
0,1,Sun,8-Sep,W,1,Tampa Bay Buccaneers,31,17,17,256,158,98,2,21,295,174,121,4,-7.51,19.12,1.1,San Francisco 49ers
38,1,Sun,8-Sep,L,0,Seattle Seahawks,20,21,22,429,395,34,3,12,232,160,72,1,0.16,5.43,-8.5,Cincinnati Bengals
72,1,Sun,8-Sep,L,0,Tennessee Titans,13,43,19,346,244,102,3,21,339,216,123,,-19.89,-11.1,-1.22,Cleveland Browns
89,1,Sun,8-Sep,L,0,San Francisco 49ers,17,31,21,295,174,121,4,17,256,158,98,2,-19.12,7.51,-1.1,Tampa Bay Buccaneers
106,1,Sun,8-Sep,W,1,New York Jets,17,16,23,370,242,128,4,17,223,155,68,1,-3.17,7.39,-1.63,Buffalo Bills
125,1,Sun,8-Sep,T,,Detroit Lions,27,27,21,387,275,112,1,23,477,361,116,2,-3.5,-7.02,9.8,Arizona Cardinals
142,1,Sun,8-Sep,W,1,Indianapolis Colts,30,24,25,435,310,125,2,22,376,173,203,,15.32,-18.02,8.43,Los Angeles Chargers
159,1,Sun,8-Sep,W,1,Jacksonville Jaguars,40,26,24,491,378,113,,18,428,347,81,2,26.49,-8.7,1.47,Kansas City Chiefs
180,1,Sun,8-Sep,L,0,Los Angeles Chargers,24,30,22,376,173,203,,25,435,310,125,2,18.02,-15.32,-8.43,Indianapolis Colts
197,1,Sun,8-Sep,W,1,New York Giants,35,17,23,494,405,89,,25,470,319,151,2,26.91,-10.91,0.11,Dallas Cowboys
214,1,Sun,8-Sep,L,0,Baltimore Ravens,10,59,12,200,179,21,3,31,643,378,265,,-9.29,-42.69,-0.99,Miami Dolphins
231,1,Sun,8-Sep,W,1,Washington Redskins,32,27,22,436,313,123,,15,398,370,28,,17.68,-12.08,0.64,Philadelphia Eagles
250,1,Sun,8-Sep,L,0,Minnesota Vikings,12,28,27,345,272,73,3,18,269,97,172,,-1.83,-11.05,-4.34,Atlanta Falcons
267,1,Sun,8-Sep,L,0,Dallas Cowboys,17,35,25,470,319,151,2,23,494,405,89,,10.91,-26.91,-0.11,New York Giants
284,1,Sun,8-Sep,L,0,Kansas City Chiefs,26,40,18,428,347,81,2,24,491,378,113,,8.7,-26.49,-1.47,Jacksonville Jaguars
301,1,Sun,8-Sep,L,0,Buffalo Bills,16,17,17,223,155,68,1,23,370,242,128,4,-7.39,3.17,1.63,New York Jets
318,1,Sun,8-Sep,T,,Arizona Cardinals,27,27,23,477,361,116,2,21,387,275,112,1,7.02,3.5,-9.8,Detroit Lions
355,1,Sun,8-Sep,L,0,Los Angeles Rams,27,30,21,343,216,127,3,22,349,183,166,1,-3.24,-4.57,3.39,Carolina Panthers
372,1,Sun,8-Sep,W,1,Pittsburgh Steelers,33,3,24,465,366,99,,15,308,276,32,1,18.24,9.5,-0.8,New England Patriots
408,1,Sun,8-Sep,W,1,Carolina Panthers,30,27,22,349,183,166,1,21,343,216,127,3,4.57,3.24,-3.39,Los Angeles Rams
425,1,Sun,8-Sep,W,1,Miami Dolphins,59,10,31,643,378,265,,12,200,179,21,3,42.69,9.29,0.99,Baltimore Ravens
463,1,Sun,8-Sep,W,1,Cincinnati Bengals,21,20,12,232,160,72,1,22,429,395,34,3,-5.43,-0.16,8.5,Seattle Seahawks
483,1,Sun,8-Sep,L,0,New England Patriots,3,33,15,308,276,32,1,24,465,366,99,,-9.5,-18.24,0.8,Pittsburgh Steelers
520,1,Sun,8-Sep,W,1,Cleveland Browns,43,13,21,339,216,123,,19,346,244,102,3,11.1,19.89,1.22,Tennessee Titans
541,1,Sun,8-Sep,W,1,Atlanta Falcons,28,12,18,269,97,172,,27,345,272,73,3,11.05,1.83,4.34,Minnesota Vikings
21,1,Thu,5-Sep,L,0,Green Bay Packers,3,10,16,254,208,46,1,13,213,166,47,,-20.02,9.57,-2.01,Chicago Bears
335,1,Thu,5-Sep,W,1,Chicago Bears,10,3,13,213,166,47,,16,254,208,46,1,-9.57,20.02,2.01,Green Bay Packers
20,SuperBowl,Sun,2-Feb,L,0,Kansas City Chiefs,20,31,21,351,210,141,2,26,397,268,129,2,5.19,-18.54,1.58,San Francisco 49ers
179,SuperBowl,Sun,2-Feb,W,1,San Francisco 49ers,31,20,26,397,268,129,2,21,351,210,141,2,18.54,-5.19,-1.58,Kansas City Chiefs
19,Conf. Champ.,Sun,19-Jan,W,1,Green Bay Packers,37,20,19,354,69,285,,21,358,296,62,3,18.03,-5.47,2.28,San Francisco 49ers
178,Conf. Champ.,Sun,19-Jan,W,1,Tennessee Titans,35,24,27,404,292,112,,20,295,210,85,,29.52,-5.92,-9.99,Kansas City Chiefs
354,Conf. Champ.,Sun,19-Jan,L,0,San Francisco 49ers,20,37,21,358,296,62,3,19,354,69,285,,5.47,-18.03,-2.28,Green Bay Packers
540,Conf. Champ.,Sun,19-Jan,L,0,Kansas City Chiefs,24,35,20,295,210,85,,27,404,292,112,,5.92,-29.52,9.99,Tennessee Titans
177,Division,Sun,12-Jan,W,1,Houston Texans,51,31,29,434,316,118,1,23,442,348,94,1,28.73,-5.46,-6.77,Kansas City Chiefs
353,Division,Sun,12-Jan,W,1,Seattle Seahawks,28,23,22,344,235,109,,23,375,265,110,,18.63,-15.53,1.8,Green Bay Packers
482,Division,Sun,12-Jan,L,0,Green Bay Packers,23,28,23,375,265,110,,22,344,235,109,,15.53,-18.63,-1.8,Seattle Seahawks
519,Division,Sun,12-Jan,L,0,Kansas City Chiefs,31,51,23,442,348,94,1,29,434,316,118,1,5.46,-28.73,6.77,Houston Texans
18,Division,Sat,11-Jan,W,1,Minnesota Vikings,27,10,21,308,122,186,2,7,147,126,21,2,0.66,16.91,-0.78,San Francisco 49ers
443,Division,Sat,11-Jan,L,0,Tennessee Titans,12,28,29,530,345,185,3,15,300,83,217,,-4.11,-10.45,-1.35,Baltimore Ravens
539,Division,Sat,11-Jan,W,1,Baltimore Ravens,28,12,15,300,83,217,,29,530,345,185,3,10.45,4.11,1.35,Tennessee Titans
560,Division,Sat,11-Jan,L,0,San Francisco 49ers,10,27,7,147,126,21,2,21,308,122,186,2,-16.91,-0.66,0.78,Minnesota Vikings
249,Wild Card,Sun,5-Jan,L,0,Seattle Seahawks,9,17,20,282,162,120,,16,382,318,64,,-1.96,-10.59,3.79,Philadelphia Eagles
462,Wild Card,Sun,5-Jan,L,0,Minnesota Vikings,20,26,19,324,227,97,2,22,362,226,136,1,1.72,-3.22,-3.43,New Orleans Saints
481,Wild Card,Sun,5-Jan,W,1,Philadelphia Eagles,17,9,16,382,318,64,,20,282,162,120,,10.59,1.96,-3.79,Seattle Seahawks
559,Wild Card,Sun,5-Jan,W,1,New Orleans Saints,26,20,22,362,226,136,1,19,324,227,97,2,3.22,-1.72,3.43,Minnesota Vikings
124,Wild Card,Sat,4-Jan,L,0,Houston Texans,19,22,24,425,253,172,1,19,360,219,141,1,-1.04,-2.61,1.38,Buffalo Bills
390,Wild Card,Sat,4-Jan,L,0,Tennessee Titans,13,20,18,307,209,98,2,19,272,71,201,1,-0.84,-2.83,-0.2,New England Patriots
518,Wild Card,Sat,4-Jan,W,1,Buffalo Bills,22,19,19,360,219,141,1,24,425,253,172,1,2.61,1.04,-1.38,Houston Texans
538,Wild Card,Sat,4-Jan,W,1,New England Patriots,20,13,19,272,71,201,1,18,307,209,98,2,2.83,0.84,0.2,Tennessee Titans